language,os,mode,processes,threads_per_process,total_workers,lp_affinity,workload,run,time_seconds,cpu_total_pct,result
Python,linux,sequential,1,1,1,all,10000000,1,1.960,99,399999987067243
Python,linux,sequential,1,1,1,all,10000000,2,2.062,99,399999987067243
Python,linux,sequential,1,1,1,all,10000000,3,1.954,99,399999987067243
Python,linux,sequential,1,1,1,all,10000000,4,2.078,98,399999987067243
Python,linux,sequential,1,1,1,all,10000000,5,2.098,98,399999987067243
Python,linux,threading,1,1,1,all,10000000,1,2.073,98,399999987067243
Python,linux,threading,1,1,1,all,10000000,2,2.270,99,399999987067243
Python,linux,threading,1,1,1,all,10000000,3,1.972,99,399999987067243
Python,linux,threading,1,1,1,all,10000000,4,1.940,100,399999987067243
Python,linux,threading,1,1,1,all,10000000,5,2.153,99,399999987067243
Python,linux,threading,1,2,2,all,10000000,1,2.389,99,399999987067243
Python,linux,threading,1,2,2,all,10000000,2,2.152,99,399999987067243
Python,linux,threading,1,2,2,all,10000000,3,2.397,98,399999987067243
Python,linux,threading,1,2,2,all,10000000,4,2.295,98,399999987067243
Python,linux,threading,1,2,2,all,10000000,5,2.241,99,399999987067243
Python,linux,threading,1,4,4,all,10000000,1,2.374,99,399999987067243
Python,linux,threading,1,4,4,all,10000000,2,2.367,99,399999987067243
Python,linux,threading,1,4,4,all,10000000,3,2.388,98,399999987067243
Python,linux,threading,1,4,4,all,10000000,4,2.738,99,399999987067243
Python,linux,threading,1,4,4,all,10000000,5,2.315,99,399999987067243
Python,linux,threading,1,8,8,all,10000000,1,2.218,99,399999987067243
Python,linux,threading,1,8,8,all,10000000,2,2.182,100,399999987067243
Python,linux,threading,1,8,8,all,10000000,3,2.241,100,399999987067243
Python,linux,threading,1,8,8,all,10000000,4,2.150,99,399999987067243
Python,linux,threading,1,8,8,all,10000000,5,2.202,101,399999987067243
Python,linux,multiprocessing,1,1,1,all,10000000,1,2.145,98,399999987067243
Python,linux,multiprocessing,1,1,1,all,10000000,2,2.038,99,399999987067243
Python,linux,multiprocessing,1,1,1,all,10000000,3,2.008,99,399999987067243
Python,linux,multiprocessing,1,1,1,all,10000000,4,2.061,99,399999987067243
Python,linux,multiprocessing,1,1,1,all,10000000,5,2.210,97,399999987067243
Python,linux,multiprocessing,2,1,2,all,10000000,1,0.988,194,399999987067243
Python,linux,multiprocessing,2,1,2,all,10000000,2,1.151,187,399999987067243
Python,linux,multiprocessing,2,1,2,all,10000000,3,1.227,193,399999987067243
Python,linux,multiprocessing,2,1,2,all,10000000,4,1.126,192,399999987067243
Python,linux,multiprocessing,2,1,2,all,10000000,5,1.097,193,399999987067243
Python,linux,multiprocessing,4,1,4,all,10000000,1,1.122,195,399999987067243
Python,linux,multiprocessing,4,1,4,all,10000000,2,1.041,194,399999987067243
Python,linux,multiprocessing,4,1,4,all,10000000,3,1.049,194,399999987067243
Python,linux,multiprocessing,4,1,4,all,10000000,4,1.098,194,399999987067243
Python,linux,multiprocessing,4,1,4,all,10000000,5,1.121,189,399999987067243
Python,linux,multiprocessing,8,1,8,all,10000000,1,1.012,191,399999987067243
Python,linux,multiprocessing,8,1,8,all,10000000,2,1.056,193,399999987067243
Python,linux,multiprocessing,8,1,8,all,10000000,3,1.045,193,399999987067243
Python,linux,multiprocessing,8,1,8,all,10000000,4,1.206,190,399999987067243
Python,linux,multiprocessing,8,1,8,all,10000000,5,1.097,193,399999987067243
